date,unitname,id_sim,variant,case_type,value,date_intro,lag,params_1,params_2,parval_1,parval_2,fig,parval_2_new,lag_median,value_median
2021-12-03,AS_others,1,Omicron BA.2,Imported,1.1922837585563162,2021-11-08,25,Traveler weight (all regions),Changing sequencing,100%,200%,fig_3d,2,8.5,1
2021-11-16,EU_others,10,Omicron BA.2,Imported,2,2021-11-08,8,Traveler weight (all regions),Changing sequencing,100%,200%,fig_3d,2,8.5,1
2021-11-17,US,100,Omicron BA.2,Imported,1,2021-11-08,9,Traveler weight (all regions),Changing sequencing,100%,200%,fig_3d,2,8.5,1
2021-11-18,EU_others,101,Omicron BA.2,Imported,1,2021-11-08,10,Traveler weight (all regions),Changing sequencing,100%,200%,fig_3d,2,8.5,1
2021-11-14,EU_others,102,Omicron BA.2,Imported,1,2021-11-08,6,Traveler weight (all regions),Changing sequencing,100%,200%,fig_3d,2,8.5,1
2021-11-18,US,103,Omicron BA.2,Imported,1,2021-11-08,10,Traveler weight (all regions),Changing sequencing,100%,200%,fig_3d,2,8.5,1
2021-11-17,EU_others,104,Omicron BA.2,Imported,1,2021-11-08,9,Traveler weight (all regions),Changing sequencing,100%,200%,fig_3d,2,8.5,1
2021-11-18,EU_others,105,Omicron BA.2,Imported,1,2021-11-08,10,Traveler weight (all regions),Changing sequencing,100%,200%,fig_3d,2,8.5,1
2021-11-18,EU_others,106,Omicron BA.2,Imported,1,2021-11-08,10,Traveler weight (all regions),Changing sequencing,100%,200%,fig_3d,2,8.5,1
2021-11-12,EU_others,107,Omicron BA.2,Imported,1,2021-11-08,4,Traveler weight (all regions),Changing sequencing,100%,200%,fig_3d,2,8.5,1
2021-11-16,AS_others,108,Omicron BA.2,Imported,1,2021-11-08,8,Traveler weight (all regions),Changing sequencing,100%,200%,fig_3d,2,8.5,1
2021-11-22,EU_others,109,Omicron BA.2,Imported,1,2021-11-08,14,Traveler weight (all regions),Changing sequencing,100%,200%,fig_3d,2,8.5,1
2021-11-21,EU_others,11,Omicron BA.2,Imported,1,2021-11-08,13,Traveler weight (all regions),Changing sequencing,100%,200%,fig_3d,2,8.5,1
2021-11-15,EU_others,110,Omicron BA.2,Imported,1,2021-11-08,7,Traveler weight (all regions),Changing sequencing,100%,200%,fig_3d,2,8.5,1
2021-11-16,EU_others,111,Omicron BA.2,Imported,1,2021-11-08,8,Traveler weight (all regions),Changing sequencing,100%,200%,fig_3d,2,8.5,1
2021-11-17,EU_others,112,Omicron BA.2,Imported,1,2021-11-08,9,Traveler weight (all regions),Changing sequencing,100%,200%,fig_3d,2,8.5,1
2021-11-22,EU_others,113,Omicron BA.2,Imported,1,2021-11-08,14,Traveler weight (all regions),Changing sequencing,100%,200%,fig_3d,2,8.5,1
2021-11-20,EU_others,114,Omicron BA.2,Imported,1,2021-11-08,12,Traveler weight (all regions),Changing sequencing,100%,200%,fig_3d,2,8.5,1
2021-11-20,EU_others,115,Omicron BA.2,Imported,1,2021-11-08,12,Traveler weight (all regions),Changing sequencing,100%,200%,fig_3d,2,8.5,1
2021-11-23,EU_others,116,Omicron BA.2,Imported,1,2021-11-08,15,Traveler weight (all regions),Changing sequencing,100%,200%,fig_3d,2,8.5,1
2021-11-17,EU_others,117,Omicron BA.2,Imported,1,2021-11-08,9,Traveler weight (all regions),Changing sequencing,100%,200%,fig_3d,2,8.5,1
2021-11-16,EU_others,118,Omicron BA.2,Imported,1,2021-11-08,8,Traveler weight (all regions),Changing sequencing,100%,200%,fig_3d,2,8.5,1
2021-11-15,EU_others,119,Omicron BA.2,Imported,1,2021-11-08,7,Traveler weight (all regions),Changing sequencing,100%,200%,fig_3d,2,8.5,1
2021-11-22,EU_others,12,Omicron BA.2,Imported,2,2021-11-08,14,Traveler weight (all regions),Changing sequencing,100%,200%,fig_3d,2,8.5,1
2021-11-18,EU_others,120,Omicron BA.2,Imported,1,2021-11-08,10,Traveler weight (all regions),Changing sequencing,100%,200%,fig_3d,2,8.5,1
2021-11-18,EU_others,121,Omicron BA.2,Imported,1,2021-11-08,10,Traveler weight (all regions),Changing sequencing,100%,200%,fig_3d,2,8.5,1
2021-11-16,EU_others,122,Omicron BA.2,Imported,1,2021-11-08,8,Traveler weight (all regions),Changing sequencing,100%,200%,fig_3d,2,8.5,1
2021-11-21,EU_others,123,Omicron BA.2,Imported,1,2021-11-08,13,Traveler weight (all regions),Changing sequencing,100%,200%,fig_3d,2,8.5,1
2021-11-18,EU_others,124,Omicron BA.2,Imported,1,2021-11-08,10,Traveler weight (all regions),Changing sequencing,100%,200%,fig_3d,2,8.5,1
2021-11-18,EU_others,125,Omicron BA.2,Imported,1,2021-11-08,10,Traveler weight (all regions),Changing sequencing,100%,200%,fig_3d,2,8.5,1
2021-11-16,EU_others,126,Omicron BA.2,Imported,2,2021-11-08,8,Traveler weight (all regions),Changing sequencing,100%,200%,fig_3d,2,8.5,1
2021-11-18,US,127,Omicron BA.2,Imported,1,2021-11-08,10,Traveler weight (all regions),Changing sequencing,100%,200%,fig_3d,2,8.5,1
2021-11-16,EU_others,128,Omicron BA.2,Imported,1,2021-11-08,8,Traveler weight (all regions),Changing sequencing,100%,200%,fig_3d,2,8.5,1
2021-11-18,AS_others,129,Omicron BA.2,Imported,1.3100854700854698,2021-11-08,10,Traveler weight (all regions),Changing sequencing,100%,200%,fig_3d,2,8.5,1
2021-11-14,GB,13,Omicron BA.2,Imported,1,2021-11-08,6,Traveler weight (all regions),Changing sequencing,100%,200%,fig_3d,2,8.5,1
2021-11-16,GB,130,Omicron BA.2,Imported,1,2021-11-08,8,Traveler weight (all regions),Changing sequencing,100%,200%,fig_3d,2,8.5,1
2021-11-22,EU_others,131,Omicron BA.2,Imported,3,2021-11-08,14,Traveler weight (all regions),Changing sequencing,100%,200%,fig_3d,2,8.5,1
2021-11-27,EU_others,132,Omicron BA.2,Imported,1,2021-11-08,19,Traveler weight (all regions),Changing sequencing,100%,200%,fig_3d,2,8.5,1
2021-11-21,EU_others,133,Omicron BA.2,Imported,1,2021-11-08,13,Traveler weight (all regions),Changing sequencing,100%,200%,fig_3d,2,8.5,1
2021-11-12,EU_others,134,Omicron BA.2,Imported,1,2021-11-08,4,Traveler weight (all regions),Changing sequencing,100%,200%,fig_3d,2,8.5,1
2021-11-14,IN,135,Omicron BA.2,Imported,1,2021-11-08,6,Traveler weight (all regions),Changing sequencing,100%,200%,fig_3d,2,8.5,1
2021-11-21,EU_others,136,Omicron BA.2,Imported,1,2021-11-08,13,Traveler weight (all regions),Changing sequencing,100%,200%,fig_3d,2,8.5,1
2021-11-16,EU_others,137,Omicron BA.2,Imported,1,2021-11-08,8,Traveler weight (all regions),Changing sequencing,100%,200%,fig_3d,2,8.5,1
2021-11-14,EU_others,138,Omicron BA.2,Imported,1,2021-11-08,6,Traveler weight (all regions),Changing sequencing,100%,200%,fig_3d,2,8.5,1
2021-11-14,EU_others,139,Omicron BA.2,Imported,1,2021-11-08,6,Traveler weight (all regions),Changing sequencing,100%,200%,fig_3d,2,8.5,1
2021-11-21,EU_others,14,Omicron BA.2,Imported,1,2021-11-08,13,Traveler weight (all regions),Changing sequencing,100%,200%,fig_3d,2,8.5,1
2021-11-12,EU_others,140,Omicron BA.2,Imported,1,2021-11-08,4,Traveler weight (all regions),Changing sequencing,100%,200%,fig_3d,2,8.5,1
2021-11-16,EU_others,141,Omicron BA.2,Imported,1,2021-11-08,8,Traveler weight (all regions),Changing sequencing,100%,200%,fig_3d,2,8.5,1
2021-11-22,AS_others,142,Omicron BA.2,Imported,1.216941937355833,2021-11-08,14,Traveler weight (all regions),Changing sequencing,100%,200%,fig_3d,2,8.5,1
2021-11-16,EU_others,143,Omicron BA.2,Imported,1,2021-11-08,8,Traveler weight (all regions),Changing sequencing,100%,200%,fig_3d,2,8.5,1
2021-11-22,EU_others,144,Omicron BA.2,Imported,1,2021-11-08,14,Traveler weight (all regions),Changing sequencing,100%,200%,fig_3d,2,8.5,1
2021-11-16,EU_others,145,Omicron BA.2,Imported,1,2021-11-08,8,Traveler weight (all regions),Changing sequencing,100%,200%,fig_3d,2,8.5,1
2021-11-11,EU_others,146,Omicron BA.2,Imported,1,2021-11-08,3,Traveler weight (all regions),Changing sequencing,100%,200%,fig_3d,2,8.5,1
2021-11-15,EU_others,147,Omicron BA.2,Imported,1,2021-11-08,7,Traveler weight (all regions),Changing sequencing,100%,200%,fig_3d,2,8.5,1
2021-11-11,EU_others,148,Omicron BA.2,Imported,1,2021-11-08,3,Traveler weight (all regions),Changing sequencing,100%,200%,fig_3d,2,8.5,1
2021-11-16,EU_others,149,Omicron BA.2,Imported,1,2021-11-08,8,Traveler weight (all regions),Changing sequencing,100%,200%,fig_3d,2,8.5,1
2021-11-20,EU_others,15,Omicron BA.2,Imported,1,2021-11-08,12,Traveler weight (all regions),Changing sequencing,100%,200%,fig_3d,2,8.5,1
2021-11-16,GB,150,Omicron BA.2,Imported,2,2021-11-08,8,Traveler weight (all regions),Changing sequencing,100%,200%,fig_3d,2,8.5,1
2021-11-21,EU_others,151,Omicron BA.2,Imported,4,2021-11-08,13,Traveler weight (all regions),Changing sequencing,100%,200%,fig_3d,2,8.5,1
2021-11-16,AS_others,152,Omicron BA.2,Imported,1,2021-11-08,8,Traveler weight (all regions),Changing sequencing,100%,200%,fig_3d,2,8.5,1
2021-11-22,EU_others,153,Omicron BA.2,Imported,2,2021-11-08,14,Traveler weight (all regions),Changing sequencing,100%,200%,fig_3d,2,8.5,1
2021-11-15,EU_others,154,Omicron BA.2,Imported,1,2021-11-08,7,Traveler weight (all regions),Changing sequencing,100%,200%,fig_3d,2,8.5,1
2021-11-16,EU_others,155,Omicron BA.2,Imported,1,2021-11-08,8,Traveler weight (all regions),Changing sequencing,100%,200%,fig_3d,2,8.5,1
2021-11-23,EU_others,156,Omicron BA.2,Imported,1,2021-11-08,15,Traveler weight (all regions),Changing sequencing,100%,200%,fig_3d,2,8.5,1
2021-11-22,EU_others,157,Omicron BA.2,Imported,2,2021-11-08,14,Traveler weight (all regions),Changing sequencing,100%,200%,fig_3d,2,8.5,1
2021-11-15,EU_others,158,Omicron BA.2,Imported,1,2021-11-08,7,Traveler weight (all regions),Changing sequencing,100%,200%,fig_3d,2,8.5,1
2021-11-22,EU_others,159,Omicron BA.2,Imported,1,2021-11-08,14,Traveler weight (all regions),Changing sequencing,100%,200%,fig_3d,2,8.5,1
2021-11-18,EU_others,16,Omicron BA.2,Imported,1,2021-11-08,10,Traveler weight (all regions),Changing sequencing,100%,200%,fig_3d,2,8.5,1
2021-11-20,EU_others,160,Omicron BA.2,Imported,1,2021-11-08,12,Traveler weight (all regions),Changing sequencing,100%,200%,fig_3d,2,8.5,1
2021-11-12,EU_others,161,Omicron BA.2,Imported,1,2021-11-08,4,Traveler weight (all regions),Changing sequencing,100%,200%,fig_3d,2,8.5,1
2021-11-16,EU_others,162,Omicron BA.2,Imported,1,2021-11-08,8,Traveler weight (all regions),Changing sequencing,100%,200%,fig_3d,2,8.5,1
2021-11-18,EU_others,163,Omicron BA.2,Imported,1,2021-11-08,10,Traveler weight (all regions),Changing sequencing,100%,200%,fig_3d,2,8.5,1
2021-11-16,EU_others,164,Omicron BA.2,Imported,2,2021-11-08,8,Traveler weight (all regions),Changing sequencing,100%,200%,fig_3d,2,8.5,1
2021-11-20,US,165,Omicron BA.2,Imported,1,2021-11-08,12,Traveler weight (all regions),Changing sequencing,100%,200%,fig_3d,2,8.5,1
2021-11-18,EU_others,166,Omicron BA.2,Imported,1,2021-11-08,10,Traveler weight (all regions),Changing sequencing,100%,200%,fig_3d,2,8.5,1
2021-11-18,IN,167,Omicron BA.2,Imported,1,2021-11-08,10,Traveler weight (all regions),Changing sequencing,100%,200%,fig_3d,2,8.5,1
2021-11-14,EU_others,168,Omicron BA.2,Imported,1,2021-11-08,6,Traveler weight (all regions),Changing sequencing,100%,200%,fig_3d,2,8.5,1
2021-11-15,EU_others,169,Omicron BA.2,Imported,1,2021-11-08,7,Traveler weight (all regions),Changing sequencing,100%,200%,fig_3d,2,8.5,1
2021-11-16,EU_others,17,Omicron BA.2,Imported,4,2021-11-08,8,Traveler weight (all regions),Changing sequencing,100%,200%,fig_3d,2,8.5,1
2021-11-16,EU_others,170,Omicron BA.2,Imported,1,2021-11-08,8,Traveler weight (all regions),Changing sequencing,100%,200%,fig_3d,2,8.5,1
2021-11-14,EU_others,171,Omicron BA.2,Imported,1,2021-11-08,6,Traveler weight (all regions),Changing sequencing,100%,200%,fig_3d,2,8.5,1
2021-11-18,EU_others,172,Omicron BA.2,Imported,1,2021-11-08,10,Traveler weight (all regions),Changing sequencing,100%,200%,fig_3d,2,8.5,1
2021-11-16,EU_others,173,Omicron BA.2,Imported,1,2021-11-08,8,Traveler weight (all regions),Changing sequencing,100%,200%,fig_3d,2,8.5,1
2021-11-20,EU_others,174,Omicron BA.2,Imported,1,2021-11-08,12,Traveler weight (all regions),Changing sequencing,100%,200%,fig_3d,2,8.5,1
2021-11-16,EU_others,175,Omicron BA.2,Imported,1,2021-11-08,8,Traveler weight (all regions),Changing sequencing,100%,200%,fig_3d,2,8.5,1
2021-11-18,US,176,Omicron BA.2,Imported,1,2021-11-08,10,Traveler weight (all regions),Changing sequencing,100%,200%,fig_3d,2,8.5,1
2021-11-21,EU_others,177,Omicron BA.2,Imported,1,2021-11-08,13,Traveler weight (all regions),Changing sequencing,100%,200%,fig_3d,2,8.5,1
2021-11-15,EU_others,178,Omicron BA.2,Imported,1,2021-11-08,7,Traveler weight (all regions),Changing sequencing,100%,200%,fig_3d,2,8.5,1
2021-11-15,EU_others,179,Omicron BA.2,Imported,2,2021-11-08,7,Traveler weight (all regions),Changing sequencing,100%,200%,fig_3d,2,8.5,1
2021-11-17,EU_others,18,Omicron BA.2,Imported,1,2021-11-08,9,Traveler weight (all regions),Changing sequencing,100%,200%,fig_3d,2,8.5,1
2021-11-17,EU_others,180,Omicron BA.2,Imported,1,2021-11-08,9,Traveler weight (all regions),Changing sequencing,100%,200%,fig_3d,2,8.5,1
2021-11-16,AS_others,181,Omicron BA.2,Imported,1.453166477057262,2021-11-08,8,Traveler weight (all regions),Changing sequencing,100%,200%,fig_3d,2,8.5,1
2021-11-16,EU_others,182,Omicron BA.2,Imported,1,2021-11-08,8,Traveler weight (all regions),Changing sequencing,100%,200%,fig_3d,2,8.5,1
2021-11-22,EU_others,183,Omicron BA.2,Imported,1,2021-11-08,14,Traveler weight (all regions),Changing sequencing,100%,200%,fig_3d,2,8.5,1
2021-11-16,EU_others,184,Omicron BA.2,Imported,1,2021-11-08,8,Traveler weight (all regions),Changing sequencing,100%,200%,fig_3d,2,8.5,1
2021-11-15,EU_others,185,Omicron BA.2,Imported,1,2021-11-08,7,Traveler weight (all regions),Changing sequencing,100%,200%,fig_3d,2,8.5,1
2021-11-15,EU_others,186,Omicron BA.2,Imported,1,2021-11-08,7,Traveler weight (all regions),Changing sequencing,100%,200%,fig_3d,2,8.5,1
2021-11-21,EU_others,187,Omicron BA.2,Imported,1,2021-11-08,13,Traveler weight (all regions),Changing sequencing,100%,200%,fig_3d,2,8.5,1
2021-11-16,IN,188,Omicron BA.2,Imported,1,2021-11-08,8,Traveler weight (all regions),Changing sequencing,100%,200%,fig_3d,2,8.5,1
2021-11-14,EU_others,189,Omicron BA.2,Imported,1,2021-11-08,6,Traveler weight (all regions),Changing sequencing,100%,200%,fig_3d,2,8.5,1
2021-11-21,US,19,Omicron BA.2,Imported,1,2021-11-08,13,Traveler weight (all regions),Changing sequencing,100%,200%,fig_3d,2,8.5,1
2021-11-22,EU_others,190,Omicron BA.2,Imported,3,2021-11-08,14,Traveler weight (all regions),Changing sequencing,100%,200%,fig_3d,2,8.5,1
2021-11-18,AS_others,191,Omicron BA.2,Imported,1.3828942619992783,2021-11-08,10,Traveler weight (all regions),Changing sequencing,100%,200%,fig_3d,2,8.5,1
2021-11-14,EU_others,192,Omicron BA.2,Imported,1,2021-11-08,6,Traveler weight (all regions),Changing sequencing,100%,200%,fig_3d,2,8.5,1
2021-11-16,EU_others,193,Omicron BA.2,Imported,2,2021-11-08,8,Traveler weight (all regions),Changing sequencing,100%,200%,fig_3d,2,8.5,1
2021-11-16,EU_others,194,Omicron BA.2,Imported,2,2021-11-08,8,Traveler weight (all regions),Changing sequencing,100%,200%,fig_3d,2,8.5,1
2021-11-16,EU_others,195,Omicron BA.2,Imported,1,2021-11-08,8,Traveler weight (all regions),Changing sequencing,100%,200%,fig_3d,2,8.5,1
2021-11-23,EU_others,196,Omicron BA.2,Imported,1,2021-11-08,15,Traveler weight (all regions),Changing sequencing,100%,200%,fig_3d,2,8.5,1
2021-11-21,EU_others,197,Omicron BA.2,Imported,2,2021-11-08,13,Traveler weight (all regions),Changing sequencing,100%,200%,fig_3d,2,8.5,1
2021-11-12,EU_others,198,Omicron BA.2,Imported,1,2021-11-08,4,Traveler weight (all regions),Changing sequencing,100%,200%,fig_3d,2,8.5,1
2021-11-22,US,199,Omicron BA.2,Imported,1,2021-11-08,14,Traveler weight (all regions),Changing sequencing,100%,200%,fig_3d,2,8.5,1
2021-11-20,AS_others,2,Omicron BA.2,Imported,1,2021-11-08,12,Traveler weight (all regions),Changing sequencing,100%,200%,fig_3d,2,8.5,1
2021-11-18,IN,20,Omicron BA.2,Imported,1,2021-11-08,10,Traveler weight (all regions),Changing sequencing,100%,200%,fig_3d,2,8.5,1
2021-11-17,EU_others,200,Omicron BA.2,Imported,1,2021-11-08,9,Traveler weight (all regions),Changing sequencing,100%,200%,fig_3d,2,8.5,1
2021-11-22,EU_others,201,Omicron BA.2,Imported,1,2021-11-08,14,Traveler weight (all regions),Changing sequencing,100%,200%,fig_3d,2,8.5,1
2021-11-16,EU_others,202,Omicron BA.2,Imported,1,2021-11-08,8,Traveler weight (all regions),Changing sequencing,100%,200%,fig_3d,2,8.5,1
2021-11-15,EU_others,203,Omicron BA.2,Imported,1,2021-11-08,7,Traveler weight (all regions),Changing sequencing,100%,200%,fig_3d,2,8.5,1
2021-11-17,EU_others,204,Omicron BA.2,Imported,1,2021-11-08,9,Traveler weight (all regions),Changing sequencing,100%,200%,fig_3d,2,8.5,1
2021-11-12,EU_others,205,Omicron BA.2,Imported,1,2021-11-08,4,Traveler weight (all regions),Changing sequencing,100%,200%,fig_3d,2,8.5,1
2021-11-15,GB,206,Omicron BA.2,Imported,1,2021-11-08,7,Traveler weight (all regions),Changing sequencing,100%,200%,fig_3d,2,8.5,1
2021-11-17,EU_others,207,Omicron BA.2,Imported,1,2021-11-08,9,Traveler weight (all regions),Changing sequencing,100%,200%,fig_3d,2,8.5,1
2021-11-22,EU_others,208,Omicron BA.2,Imported,1,2021-11-08,14,Traveler weight (all regions),Changing sequencing,100%,200%,fig_3d,2,8.5,1
2021-11-21,EU_others,209,Omicron BA.2,Imported,1,2021-11-08,13,Traveler weight (all regions),Changing sequencing,100%,200%,fig_3d,2,8.5,1
2021-11-14,IN,21,Omicron BA.2,Imported,1,2021-11-08,6,Traveler weight (all regions),Changing sequencing,100%,200%,fig_3d,2,8.5,1
2021-11-14,EU_others,210,Omicron BA.2,Imported,1,2021-11-08,6,Traveler weight (all regions),Changing sequencing,100%,200%,fig_3d,2,8.5,1
2021-11-21,EU_others,211,Omicron BA.2,Imported,1,2021-11-08,13,Traveler weight (all regions),Changing sequencing,100%,200%,fig_3d,2,8.5,1
2021-11-16,US,212,Omicron BA.2,Imported,1,2021-11-08,8,Traveler weight (all regions),Changing sequencing,100%,200%,fig_3d,2,8.5,1
2021-11-18,US,213,Omicron BA.2,Imported,1,2021-11-08,10,Traveler weight (all regions),Changing sequencing,100%,200%,fig_3d,2,8.5,1
2021-11-12,AS_others,214,Omicron BA.2,Imported,1,2021-11-08,4,Traveler weight (all regions),Changing sequencing,100%,200%,fig_3d,2,8.5,1
2021-11-16,EU_others,215,Omicron BA.2,Imported,1,2021-11-08,8,Traveler weight (all regions),Changing sequencing,100%,200%,fig_3d,2,8.5,1
2021-11-20,EU_others,216,Omicron BA.2,Imported,1,2021-11-08,12,Traveler weight (all regions),Changing sequencing,100%,200%,fig_3d,2,8.5,1
2021-11-11,EU_others,217,Omicron BA.2,Imported,1,2021-11-08,3,Traveler weight (all regions),Changing sequencing,100%,200%,fig_3d,2,8.5,1
2021-11-18,IN,218,Omicron BA.2,Imported,1,2021-11-08,10,Traveler weight (all regions),Changing sequencing,100%,200%,fig_3d,2,8.5,1
2021-11-14,EU_others,219,Omicron BA.2,Imported,1,2021-11-08,6,Traveler weight (all regions),Changing sequencing,100%,200%,fig_3d,2,8.5,1
2021-11-17,EU_others,22,Omicron BA.2,Imported,1,2021-11-08,9,Traveler weight (all regions),Changing sequencing,100%,200%,fig_3d,2,8.5,1
2021-11-15,GB,220,Omicron BA.2,Imported,1.5020759973474014,2021-11-08,7,Traveler weight (all regions),Changing sequencing,100%,200%,fig_3d,2,8.5,1
2021-11-12,EU_others,221,Omicron BA.2,Imported,1,2021-11-08,4,Traveler weight (all regions),Changing sequencing,100%,200%,fig_3d,2,8.5,1
2021-11-21,US,222,Omicron BA.2,Imported,1,2021-11-08,13,Traveler weight (all regions),Changing sequencing,100%,200%,fig_3d,2,8.5,1
2021-11-22,EU_others,223,Omicron BA.2,Imported,1,2021-11-08,14,Traveler weight (all regions),Changing sequencing,100%,200%,fig_3d,2,8.5,1
2021-11-20,EU_others,224,Omicron BA.2,Imported,1,2021-11-08,12,Traveler weight (all regions),Changing sequencing,100%,200%,fig_3d,2,8.5,1
2021-11-15,EU_others,225,Omicron BA.2,Imported,1,2021-11-08,7,Traveler weight (all regions),Changing sequencing,100%,200%,fig_3d,2,8.5,1
2021-11-16,EU_others,226,Omicron BA.2,Imported,1,2021-11-08,8,Traveler weight (all regions),Changing sequencing,100%,200%,fig_3d,2,8.5,1
2021-11-16,EU_others,227,Omicron BA.2,Imported,1,2021-11-08,8,Traveler weight (all regions),Changing sequencing,100%,200%,fig_3d,2,8.5,1
2021-11-16,US,228,Omicron BA.2,Imported,1,2021-11-08,8,Traveler weight (all regions),Changing sequencing,100%,200%,fig_3d,2,8.5,1
2021-11-21,EU_others,229,Omicron BA.2,Imported,1,2021-11-08,13,Traveler weight (all regions),Changing sequencing,100%,200%,fig_3d,2,8.5,1
2021-11-16,EU_others,23,Omicron BA.2,Imported,1,2021-11-08,8,Traveler weight (all regions),Changing sequencing,100%,200%,fig_3d,2,8.5,1
2021-11-14,EU_others,230,Omicron BA.2,Imported,1,2021-11-08,6,Traveler weight (all regions),Changing sequencing,100%,200%,fig_3d,2,8.5,1
2021-11-16,EU_others,231,Omicron BA.2,Imported,1,2021-11-08,8,Traveler weight (all regions),Changing sequencing,100%,200%,fig_3d,2,8.5,1
2021-11-16,EU_others,232,Omicron BA.2,Imported,1,2021-11-08,8,Traveler weight (all regions),Changing sequencing,100%,200%,fig_3d,2,8.5,1
2021-11-17,EU_others,233,Omicron BA.2,Imported,1,2021-11-08,9,Traveler weight (all regions),Changing sequencing,100%,200%,fig_3d,2,8.5,1
2021-11-15,EU_others,234,Omicron BA.2,Imported,2,2021-11-08,7,Traveler weight (all regions),Changing sequencing,100%,200%,fig_3d,2,8.5,1
2021-11-20,EU_others,235,Omicron BA.2,Imported,1,2021-11-08,12,Traveler weight (all regions),Changing sequencing,100%,200%,fig_3d,2,8.5,1
2021-11-14,EU_others,236,Omicron BA.2,Imported,1,2021-11-08,6,Traveler weight (all regions),Changing sequencing,100%,200%,fig_3d,2,8.5,1
2021-11-16,EU_others,237,Omicron BA.2,Imported,1,2021-11-08,8,Traveler weight (all regions),Changing sequencing,100%,200%,fig_3d,2,8.5,1
2021-11-12,US,238,Omicron BA.2,Imported,1,2021-11-08,4,Traveler weight (all regions),Changing sequencing,100%,200%,fig_3d,2,8.5,1
2021-11-14,EU_others,239,Omicron BA.2,Imported,1,2021-11-08,6,Traveler weight (all regions),Changing sequencing,100%,200%,fig_3d,2,8.5,1
2021-11-20,EU_others,24,Omicron BA.2,Imported,1,2021-11-08,12,Traveler weight (all regions),Changing sequencing,100%,200%,fig_3d,2,8.5,1
2021-11-18,AS_others,240,Omicron BA.2,Imported,1.2341391191227575,2021-11-08,10,Traveler weight (all regions),Changing sequencing,100%,200%,fig_3d,2,8.5,1
2021-11-22,EU_others,241,Omicron BA.2,Imported,1,2021-11-08,14,Traveler weight (all regions),Changing sequencing,100%,200%,fig_3d,2,8.5,1
2021-11-15,EU_others,242,Omicron BA.2,Imported,1,2021-11-08,7,Traveler weight (all regions),Changing sequencing,100%,200%,fig_3d,2,8.5,1
2021-11-18,US,243,Omicron BA.2,Imported,1,2021-11-08,10,Traveler weight (all regions),Changing sequencing,100%,200%,fig_3d,2,8.5,1
2021-11-17,EU_others,244,Omicron BA.2,Imported,1,2021-11-08,9,Traveler weight (all regions),Changing sequencing,100%,200%,fig_3d,2,8.5,1
2021-11-20,EU_others,245,Omicron BA.2,Imported,1,2021-11-08,12,Traveler weight (all regions),Changing sequencing,100%,200%,fig_3d,2,8.5,1
2021-11-14,EU_others,246,Omicron BA.2,Imported,1,2021-11-08,6,Traveler weight (all regions),Changing sequencing,100%,200%,fig_3d,2,8.5,1
2021-11-15,EU_others,247,Omicron BA.2,Imported,1,2021-11-08,7,Traveler weight (all regions),Changing sequencing,100%,200%,fig_3d,2,8.5,1
2021-11-17,EU_others,248,Omicron BA.2,Imported,1,2021-11-08,9,Traveler weight (all regions),Changing sequencing,100%,200%,fig_3d,2,8.5,1
2021-11-16,EU_others,249,Omicron BA.2,Imported,1,2021-11-08,8,Traveler weight (all regions),Changing sequencing,100%,200%,fig_3d,2,8.5,1
2021-11-22,EU_others,25,Omicron BA.2,Imported,1,2021-11-08,14,Traveler weight (all regions),Changing sequencing,100%,200%,fig_3d,2,8.5,1
2021-11-22,EU_others,250,Omicron BA.2,Imported,2,2021-11-08,14,Traveler weight (all regions),Changing sequencing,100%,200%,fig_3d,2,8.5,1
2021-11-12,EU_others,251,Omicron BA.2,Imported,1,2021-11-08,4,Traveler weight (all regions),Changing sequencing,100%,200%,fig_3d,2,8.5,1
2021-11-12,EU_others,252,Omicron BA.2,Imported,1,2021-11-08,4,Traveler weight (all regions),Changing sequencing,100%,200%,fig_3d,2,8.5,1
2021-11-16,EU_others,253,Omicron BA.2,Imported,2,2021-11-08,8,Traveler weight (all regions),Changing sequencing,100%,200%,fig_3d,2,8.5,1
2021-11-16,EU_others,254,Omicron BA.2,Imported,1,2021-11-08,8,Traveler weight (all regions),Changing sequencing,100%,200%,fig_3d,2,8.5,1
2021-11-16,EU_others,255,Omicron BA.2,Imported,1,2021-11-08,8,Traveler weight (all regions),Changing sequencing,100%,200%,fig_3d,2,8.5,1
2021-11-23,EU_others,256,Omicron BA.2,Imported,2,2021-11-08,15,Traveler weight (all regions),Changing sequencing,100%,200%,fig_3d,2,8.5,1
2021-11-14,EU_others,257,Omicron BA.2,Imported,1,2021-11-08,6,Traveler weight (all regions),Changing sequencing,100%,200%,fig_3d,2,8.5,1
2021-11-16,EU_others,258,Omicron BA.2,Imported,1,2021-11-08,8,Traveler weight (all regions),Changing sequencing,100%,200%,fig_3d,2,8.5,1
2021-11-20,EU_others,259,Omicron BA.2,Imported,1,2021-11-08,12,Traveler weight (all regions),Changing sequencing,100%,200%,fig_3d,2,8.5,1
2021-11-22,AS_others,26,Omicron BA.2,Imported,1.2882393674068404,2021-11-08,14,Traveler weight (all regions),Changing sequencing,100%,200%,fig_3d,2,8.5,1
2021-11-17,EU_others,260,Omicron BA.2,Imported,2,2021-11-08,9,Traveler weight (all regions),Changing sequencing,100%,200%,fig_3d,2,8.5,1
2021-11-18,EU_others,261,Omicron BA.2,Imported,2,2021-11-08,10,Traveler weight (all regions),Changing sequencing,100%,200%,fig_3d,2,8.5,1
2021-11-16,EU_others,262,Omicron BA.2,Imported,1,2021-11-08,8,Traveler weight (all regions),Changing sequencing,100%,200%,fig_3d,2,8.5,1
2021-11-16,EU_others,263,Omicron BA.2,Imported,1,2021-11-08,8,Traveler weight (all regions),Changing sequencing,100%,200%,fig_3d,2,8.5,1
2021-11-20,EU_others,264,Omicron BA.2,Imported,1,2021-11-08,12,Traveler weight (all regions),Changing sequencing,100%,200%,fig_3d,2,8.5,1
2021-11-16,EU_others,265,Omicron BA.2,Imported,1,2021-11-08,8,Traveler weight (all regions),Changing sequencing,100%,200%,fig_3d,2,8.5,1
2021-11-16,EU_others,266,Omicron BA.2,Imported,1,2021-11-08,8,Traveler weight (all regions),Changing sequencing,100%,200%,fig_3d,2,8.5,1
2021-11-22,EU_others,267,Omicron BA.2,Imported,1,2021-11-08,14,Traveler weight (all regions),Changing sequencing,100%,200%,fig_3d,2,8.5,1
2021-11-15,EU_others,268,Omicron BA.2,Imported,1,2021-11-08,7,Traveler weight (all regions),Changing sequencing,100%,200%,fig_3d,2,8.5,1
2021-11-16,EU_others,269,Omicron BA.2,Imported,1,2021-11-08,8,Traveler weight (all regions),Changing sequencing,100%,200%,fig_3d,2,8.5,1
2021-11-16,EU_others,27,Omicron BA.2,Imported,1,2021-11-08,8,Traveler weight (all regions),Changing sequencing,100%,200%,fig_3d,2,8.5,1
2021-11-16,US,270,Omicron BA.2,Imported,1,2021-11-08,8,Traveler weight (all regions),Changing sequencing,100%,200%,fig_3d,2,8.5,1
2021-11-20,EU_others,271,Omicron BA.2,Imported,1,2021-11-08,12,Traveler weight (all regions),Changing sequencing,100%,200%,fig_3d,2,8.5,1
2021-11-16,EU_others,272,Omicron BA.2,Imported,1,2021-11-08,8,Traveler weight (all regions),Changing sequencing,100%,200%,fig_3d,2,8.5,1
2021-11-16,GB,273,Omicron BA.2,Imported,1,2021-11-08,8,Traveler weight (all regions),Changing sequencing,100%,200%,fig_3d,2,8.5,1
2021-11-21,EU_others,274,Omicron BA.2,Imported,2,2021-11-08,13,Traveler weight (all regions),Changing sequencing,100%,200%,fig_3d,2,8.5,1
2021-11-16,EU_others,275,Omicron BA.2,Imported,1,2021-11-08,8,Traveler weight (all regions),Changing sequencing,100%,200%,fig_3d,2,8.5,1
2021-11-23,EU_others,276,Omicron BA.2,Imported,2,2021-11-08,15,Traveler weight (all regions),Changing sequencing,100%,200%,fig_3d,2,8.5,1
2021-11-16,EU_others,277,Omicron BA.2,Imported,1,2021-11-08,8,Traveler weight (all regions),Changing sequencing,100%,200%,fig_3d,2,8.5,1
2021-11-11,EU_others,278,Omicron BA.2,Imported,1,2021-11-08,3,Traveler weight (all regions),Changing sequencing,100%,200%,fig_3d,2,8.5,1
2021-11-16,US,279,Omicron BA.2,Imported,1,2021-11-08,8,Traveler weight (all regions),Changing sequencing,100%,200%,fig_3d,2,8.5,1
2021-11-22,EU_others,28,Omicron BA.2,Imported,3,2021-11-08,14,Traveler weight (all regions),Changing sequencing,100%,200%,fig_3d,2,8.5,1
2021-11-17,EU_others,280,Omicron BA.2,Imported,2,2021-11-08,9,Traveler weight (all regions),Changing sequencing,100%,200%,fig_3d,2,8.5,1
2021-11-16,EU_others,281,Omicron BA.2,Imported,1,2021-11-08,8,Traveler weight (all regions),Changing sequencing,100%,200%,fig_3d,2,8.5,1
2021-11-18,EU_others,282,Omicron BA.2,Imported,1,2021-11-08,10,Traveler weight (all regions),Changing sequencing,100%,200%,fig_3d,2,8.5,1
2021-11-20,EU_others,283,Omicron BA.2,Imported,2,2021-11-08,12,Traveler weight (all regions),Changing sequencing,100%,200%,fig_3d,2,8.5,1
2021-11-18,EU_others,284,Omicron BA.2,Imported,1,2021-11-08,10,Traveler weight (all regions),Changing sequencing,100%,200%,fig_3d,2,8.5,1
2021-11-16,EU_others,285,Omicron BA.2,Imported,1,2021-11-08,8,Traveler weight (all regions),Changing sequencing,100%,200%,fig_3d,2,8.5,1
2021-11-22,AS_others,286,Omicron BA.2,Imported,1.0752752553799105,2021-11-08,14,Traveler weight (all regions),Changing sequencing,100%,200%,fig_3d,2,8.5,1
2021-11-16,EU_others,287,Omicron BA.2,Imported,1,2021-11-08,8,Traveler weight (all regions),Changing sequencing,100%,200%,fig_3d,2,8.5,1
2021-11-22,AS_others,288,Omicron BA.2,Imported,1,2021-11-08,14,Traveler weight (all regions),Changing sequencing,100%,200%,fig_3d,2,8.5,1
2021-11-23,EU_others,289,Omicron BA.2,Imported,1,2021-11-08,15,Traveler weight (all regions),Changing sequencing,100%,200%,fig_3d,2,8.5,1
2021-11-15,EU_others,29,Omicron BA.2,Imported,1,2021-11-08,7,Traveler weight (all regions),Changing sequencing,100%,200%,fig_3d,2,8.5,1
2021-11-16,AS_others,290,Omicron BA.2,Imported,1.0736901092743067,2021-11-08,8,Traveler weight (all regions),Changing sequencing,100%,200%,fig_3d,2,8.5,1
2021-11-16,EU_others,291,Omicron BA.2,Imported,1,2021-11-08,8,Traveler weight (all regions),Changing sequencing,100%,200%,fig_3d,2,8.5,1
2021-11-14,EU_others,292,Omicron BA.2,Imported,1,2021-11-08,6,Traveler weight (all regions),Changing sequencing,100%,200%,fig_3d,2,8.5,1
2021-11-14,EU_others,293,Omicron BA.2,Imported,1,2021-11-08,6,Traveler weight (all regions),Changing sequencing,100%,200%,fig_3d,2,8.5,1
2021-11-15,EU_others,294,Omicron BA.2,Imported,1,2021-11-08,7,Traveler weight (all regions),Changing sequencing,100%,200%,fig_3d,2,8.5,1
2021-11-17,EU_others,295,Omicron BA.2,Imported,1,2021-11-08,9,Traveler weight (all regions),Changing sequencing,100%,200%,fig_3d,2,8.5,1
2021-11-18,EU_others,296,Omicron BA.2,Imported,1,2021-11-08,10,Traveler weight (all regions),Changing sequencing,100%,200%,fig_3d,2,8.5,1
2021-11-16,EU_others,297,Omicron BA.2,Imported,1,2021-11-08,8,Traveler weight (all regions),Changing sequencing,100%,200%,fig_3d,2,8.5,1
2021-11-15,EU_others,298,Omicron BA.2,Imported,1,2021-11-08,7,Traveler weight (all regions),Changing sequencing,100%,200%,fig_3d,2,8.5,1
2021-11-16,EU_others,299,Omicron BA.2,Imported,1,2021-11-08,8,Traveler weight (all regions),Changing sequencing,100%,200%,fig_3d,2,8.5,1
2021-11-17,IN,3,Omicron BA.2,Imported,1,2021-11-08,9,Traveler weight (all regions),Changing sequencing,100%,200%,fig_3d,2,8.5,1
2021-11-14,EU_others,30,Omicron BA.2,Imported,1,2021-11-08,6,Traveler weight (all regions),Changing sequencing,100%,200%,fig_3d,2,8.5,1
2021-11-23,US,300,Omicron BA.2,Imported,1,2021-11-08,15,Traveler weight (all regions),Changing sequencing,100%,200%,fig_3d,2,8.5,1
2021-11-15,EU_others,301,Omicron BA.2,Imported,1,2021-11-08,7,Traveler weight (all regions),Changing sequencing,100%,200%,fig_3d,2,8.5,1
2021-11-18,GB,302,Omicron BA.2,Imported,1,2021-11-08,10,Traveler weight (all regions),Changing sequencing,100%,200%,fig_3d,2,8.5,1
2021-11-21,GB,303,Omicron BA.2,Imported,2.1717371229899594,2021-11-08,13,Traveler weight (all regions),Changing sequencing,100%,200%,fig_3d,2,8.5,1
2021-11-26,EU_others,304,Omicron BA.2,Imported,1,2021-11-08,18,Traveler weight (all regions),Changing sequencing,100%,200%,fig_3d,2,8.5,1
2021-11-22,EU_others,305,Omicron BA.2,Imported,1,2021-11-08,14,Traveler weight (all regions),Changing sequencing,100%,200%,fig_3d,2,8.5,1
2021-11-12,EU_others,306,Omicron BA.2,Imported,1,2021-11-08,4,Traveler weight (all regions),Changing sequencing,100%,200%,fig_3d,2,8.5,1
2021-11-20,EU_others,307,Omicron BA.2,Imported,1,2021-11-08,12,Traveler weight (all regions),Changing sequencing,100%,200%,fig_3d,2,8.5,1
2021-11-16,GB,308,Omicron BA.2,Imported,1,2021-11-08,8,Traveler weight (all regions),Changing sequencing,100%,200%,fig_3d,2,8.5,1
2021-11-16,EU_others,309,Omicron BA.2,Imported,2,2021-11-08,8,Traveler weight (all regions),Changing sequencing,100%,200%,fig_3d,2,8.5,1
2021-11-16,EU_others,31,Omicron BA.2,Imported,1,2021-11-08,8,Traveler weight (all regions),Changing sequencing,100%,200%,fig_3d,2,8.5,1
2021-11-18,EU_others,310,Omicron BA.2,Imported,1,2021-11-08,10,Traveler weight (all regions),Changing sequencing,100%,200%,fig_3d,2,8.5,1
2021-11-18,EU_others,311,Omicron BA.2,Imported,1,2021-11-08,10,Traveler weight (all regions),Changing sequencing,100%,200%,fig_3d,2,8.5,1
2021-11-18,EU_others,312,Omicron BA.2,Imported,1,2021-11-08,10,Traveler weight (all regions),Changing sequencing,100%,200%,fig_3d,2,8.5,1
2021-11-11,EU_others,313,Omicron BA.2,Imported,1,2021-11-08,3,Traveler weight (all regions),Changing sequencing,100%,200%,fig_3d,2,8.5,1
2021-11-22,AS_others,314,Omicron BA.2,Imported,1.065036131183991,2021-11-08,14,Traveler weight (all regions),Changing sequencing,100%,200%,fig_3d,2,8.5,1
2021-11-16,GB,315,Omicron BA.2,Imported,1,2021-11-08,8,Traveler weight (all regions),Changing sequencing,100%,200%,fig_3d,2,8.5,1
2021-11-20,EU_others,316,Omicron BA.2,Imported,1,2021-11-08,12,Traveler weight (all regions),Changing sequencing,100%,200%,fig_3d,2,8.5,1
2021-11-16,EU_others,317,Omicron BA.2,Imported,1,2021-11-08,8,Traveler weight (all regions),Changing sequencing,100%,200%,fig_3d,2,8.5,1
2021-11-16,EU_others,318,Omicron BA.2,Imported,1,2021-11-08,8,Traveler weight (all regions),Changing sequencing,100%,200%,fig_3d,2,8.5,1
2021-11-18,EU_others,319,Omicron BA.2,Imported,1,2021-11-08,10,Traveler weight (all regions),Changing sequencing,100%,200%,fig_3d,2,8.5,1
2021-11-18,EU_others,32,Omicron BA.2,Imported,1,2021-11-08,10,Traveler weight (all regions),Changing sequencing,100%,200%,fig_3d,2,8.5,1
2021-11-17,EU_others,320,Omicron BA.2,Imported,1,2021-11-08,9,Traveler weight (all regions),Changing sequencing,100%,200%,fig_3d,2,8.5,1
2021-11-23,EU_others,321,Omicron BA.2,Imported,1,2021-11-08,15,Traveler weight (all regions),Changing sequencing,100%,200%,fig_3d,2,8.5,1
2021-11-21,EU_others,322,Omicron BA.2,Imported,1,2021-11-08,13,Traveler weight (all regions),Changing sequencing,100%,200%,fig_3d,2,8.5,1
2021-11-12,EU_others,323,Omicron BA.2,Imported,1,2021-11-08,4,Traveler weight (all regions),Changing sequencing,100%,200%,fig_3d,2,8.5,1
2021-11-21,EU_others,324,Omicron BA.2,Imported,2,2021-11-08,13,Traveler weight (all regions),Changing sequencing,100%,200%,fig_3d,2,8.5,1
2021-11-14,EU_others,325,Omicron BA.2,Imported,1,2021-11-08,6,Traveler weight (all regions),Changing sequencing,100%,200%,fig_3d,2,8.5,1
2021-11-17,EU_others,326,Omicron BA.2,Imported,1,2021-11-08,9,Traveler weight (all regions),Changing sequencing,100%,200%,fig_3d,2,8.5,1
2021-11-16,EU_others,327,Omicron BA.2,Imported,1,2021-11-08,8,Traveler weight (all regions),Changing sequencing,100%,200%,fig_3d,2,8.5,1
2021-11-22,US,328,Omicron BA.2,Imported,1,2021-11-08,14,Traveler weight (all regions),Changing sequencing,100%,200%,fig_3d,2,8.5,1
2021-11-14,EU_others,329,Omicron BA.2,Imported,1,2021-11-08,6,Traveler weight (all regions),Changing sequencing,100%,200%,fig_3d,2,8.5,1
2021-11-17,EU_others,33,Omicron BA.2,Imported,1,2021-11-08,9,Traveler weight (all regions),Changing sequencing,100%,200%,fig_3d,2,8.5,1
2021-11-16,EU_others,330,Omicron BA.2,Imported,1,2021-11-08,8,Traveler weight (all regions),Changing sequencing,100%,200%,fig_3d,2,8.5,1
2021-11-16,EU_others,331,Omicron BA.2,Imported,1,2021-11-08,8,Traveler weight (all regions),Changing sequencing,100%,200%,fig_3d,2,8.5,1
2021-11-16,IN,332,Omicron BA.2,Imported,1,2021-11-08,8,Traveler weight (all regions),Changing sequencing,100%,200%,fig_3d,2,8.5,1
2021-11-18,EU_others,333,Omicron BA.2,Imported,1,2021-11-08,10,Traveler weight (all regions),Changing sequencing,100%,200%,fig_3d,2,8.5,1
2021-11-20,GB,334,Omicron BA.2,Imported,1.3919255433317856,2021-11-08,12,Traveler weight (all regions),Changing sequencing,100%,200%,fig_3d,2,8.5,1
2021-11-16,EU_others,335,Omicron BA.2,Imported,1,2021-11-08,8,Traveler weight (all regions),Changing sequencing,100%,200%,fig_3d,2,8.5,1
2021-11-18,EU_others,336,Omicron BA.2,Imported,1,2021-11-08,10,Traveler weight (all regions),Changing sequencing,100%,200%,fig_3d,2,8.5,1
2021-11-15,EU_others,337,Omicron BA.2,Imported,1,2021-11-08,7,Traveler weight (all regions),Changing sequencing,100%,200%,fig_3d,2,8.5,1
2021-11-18,EU_others,338,Omicron BA.2,Imported,1,2021-11-08,10,Traveler weight (all regions),Changing sequencing,100%,200%,fig_3d,2,8.5,1
2021-11-16,EU_others,339,Omicron BA.2,Imported,1,2021-11-08,8,Traveler weight (all regions),Changing sequencing,100%,200%,fig_3d,2,8.5,1
2021-11-16,US,34,Omicron BA.2,Imported,1,2021-11-08,8,Traveler weight (all regions),Changing sequencing,100%,200%,fig_3d,2,8.5,1
2021-11-11,EU_others,340,Omicron BA.2,Imported,1,2021-11-08,3,Traveler weight (all regions),Changing sequencing,100%,200%,fig_3d,2,8.5,1
2021-11-11,EU_others,341,Omicron BA.2,Imported,1,2021-11-08,3,Traveler weight (all regions),Changing sequencing,100%,200%,fig_3d,2,8.5,1
2021-11-15,EU_others,342,Omicron BA.2,Imported,1,2021-11-08,7,Traveler weight (all regions),Changing sequencing,100%,200%,fig_3d,2,8.5,1
2021-11-22,EU_others,343,Omicron BA.2,Imported,2,2021-11-08,14,Traveler weight (all regions),Changing sequencing,100%,200%,fig_3d,2,8.5,1
2021-11-18,EU_others,344,Omicron BA.2,Imported,1,2021-11-08,10,Traveler weight (all regions),Changing sequencing,100%,200%,fig_3d,2,8.5,1
2021-11-14,IN,345,Omicron BA.2,Imported,1,2021-11-08,6,Traveler weight (all regions),Changing sequencing,100%,200%,fig_3d,2,8.5,1
2021-11-16,EU_others,346,Omicron BA.2,Imported,1,2021-11-08,8,Traveler weight (all regions),Changing sequencing,100%,200%,fig_3d,2,8.5,1
2021-11-14,GB,347,Omicron BA.2,Imported,1,2021-11-08,6,Traveler weight (all regions),Changing sequencing,100%,200%,fig_3d,2,8.5,1
2021-11-20,EU_others,348,Omicron BA.2,Imported,2,2021-11-08,12,Traveler weight (all regions),Changing sequencing,100%,200%,fig_3d,2,8.5,1
2021-11-26,EU_others,349,Omicron BA.2,Imported,1,2021-11-08,18,Traveler weight (all regions),Changing sequencing,100%,200%,fig_3d,2,8.5,1
2021-11-16,EU_others,35,Omicron BA.2,Imported,1,2021-11-08,8,Traveler weight (all regions),Changing sequencing,100%,200%,fig_3d,2,8.5,1
2021-11-14,EU_others,350,Omicron BA.2,Imported,1,2021-11-08,6,Traveler weight (all regions),Changing sequencing,100%,200%,fig_3d,2,8.5,1
2021-11-16,EU_others,351,Omicron BA.2,Imported,1,2021-11-08,8,Traveler weight (all regions),Changing sequencing,100%,200%,fig_3d,2,8.5,1
2021-11-17,US,352,Omicron BA.2,Imported,1,2021-11-08,9,Traveler weight (all regions),Changing sequencing,100%,200%,fig_3d,2,8.5,1
2021-11-11,EU_others,353,Omicron BA.2,Imported,1,2021-11-08,3,Traveler weight (all regions),Changing sequencing,100%,200%,fig_3d,2,8.5,1
2021-11-18,EU_others,354,Omicron BA.2,Imported,1,2021-11-08,10,Traveler weight (all regions),Changing sequencing,100%,200%,fig_3d,2,8.5,1
2021-11-15,EU_others,355,Omicron BA.2,Imported,1,2021-11-08,7,Traveler weight (all regions),Changing sequencing,100%,200%,fig_3d,2,8.5,1
2021-11-21,EU_others,356,Omicron BA.2,Imported,2,2021-11-08,13,Traveler weight (all regions),Changing sequencing,100%,200%,fig_3d,2,8.5,1
2021-11-17,EU_others,357,Omicron BA.2,Imported,1,2021-11-08,9,Traveler weight (all regions),Changing sequencing,100%,200%,fig_3d,2,8.5,1
2021-11-14,EU_others,358,Omicron BA.2,Imported,1,2021-11-08,6,Traveler weight (all regions),Changing sequencing,100%,200%,fig_3d,2,8.5,1
2021-11-16,AS_others,359,Omicron BA.2,Imported,1,2021-11-08,8,Traveler weight (all regions),Changing sequencing,100%,200%,fig_3d,2,8.5,1
2021-11-20,EU_others,36,Omicron BA.2,Imported,2,2021-11-08,12,Traveler weight (all regions),Changing sequencing,100%,200%,fig_3d,2,8.5,1
2021-11-21,EU_others,360,Omicron BA.2,Imported,1,2021-11-08,13,Traveler weight (all regions),Changing sequencing,100%,200%,fig_3d,2,8.5,1
2021-11-21,EU_others,361,Omicron BA.2,Imported,1,2021-11-08,13,Traveler weight (all regions),Changing sequencing,100%,200%,fig_3d,2,8.5,1
2021-11-14,EU_others,362,Omicron BA.2,Imported,1,2021-11-08,6,Traveler weight (all regions),Changing sequencing,100%,200%,fig_3d,2,8.5,1
2021-11-18,EU_others,363,Omicron BA.2,Imported,1,2021-11-08,10,Traveler weight (all regions),Changing sequencing,100%,200%,fig_3d,2,8.5,1
2021-11-20,US,364,Omicron BA.2,Imported,1,2021-11-08,12,Traveler weight (all regions),Changing sequencing,100%,200%,fig_3d,2,8.5,1
2021-11-15,EU_others,365,Omicron BA.2,Imported,1,2021-11-08,7,Traveler weight (all regions),Changing sequencing,100%,200%,fig_3d,2,8.5,1
2021-11-16,EU_others,366,Omicron BA.2,Imported,1,2021-11-08,8,Traveler weight (all regions),Changing sequencing,100%,200%,fig_3d,2,8.5,1
2021-11-18,EU_others,367,Omicron BA.2,Imported,1,2021-11-08,10,Traveler weight (all regions),Changing sequencing,100%,200%,fig_3d,2,8.5,1
2021-11-17,EU_others,368,Omicron BA.2,Imported,1,2021-11-08,9,Traveler weight (all regions),Changing sequencing,100%,200%,fig_3d,2,8.5,1
2021-11-15,EU_others,369,Omicron BA.2,Imported,1,2021-11-08,7,Traveler weight (all regions),Changing sequencing,100%,200%,fig_3d,2,8.5,1
2021-11-12,EU_others,37,Omicron BA.2,Imported,1,2021-11-08,4,Traveler weight (all regions),Changing sequencing,100%,200%,fig_3d,2,8.5,1
2021-11-20,EU_others,370,Omicron BA.2,Imported,1,2021-11-08,12,Traveler weight (all regions),Changing sequencing,100%,200%,fig_3d,2,8.5,1
2021-11-23,EU_others,371,Omicron BA.2,Imported,1,2021-11-08,15,Traveler weight (all regions),Changing sequencing,100%,200%,fig_3d,2,8.5,1
2021-11-16,EU_others,372,Omicron BA.2,Imported,1,2021-11-08,8,Traveler weight (all regions),Changing sequencing,100%,200%,fig_3d,2,8.5,1
2021-11-14,US,373,Omicron BA.2,Imported,1,2021-11-08,6,Traveler weight (all regions),Changing sequencing,100%,200%,fig_3d,2,8.5,1
2021-11-20,EU_others,374,Omicron BA.2,Imported,1,2021-11-08,12,Traveler weight (all regions),Changing sequencing,100%,200%,fig_3d,2,8.5,1
2021-11-16,EU_others,375,Omicron BA.2,Imported,1,2021-11-08,8,Traveler weight (all regions),Changing sequencing,100%,200%,fig_3d,2,8.5,1
2021-11-14,EU_others,376,Omicron BA.2,Imported,1,2021-11-08,6,Traveler weight (all regions),Changing sequencing,100%,200%,fig_3d,2,8.5,1
2021-11-20,EU_others,377,Omicron BA.2,Imported,3,2021-11-08,12,Traveler weight (all regions),Changing sequencing,100%,200%,fig_3d,2,8.5,1
2021-11-22,EU_others,378,Omicron BA.2,Imported,2,2021-11-08,14,Traveler weight (all regions),Changing sequencing,100%,200%,fig_3d,2,8.5,1
2021-11-14,EU_others,379,Omicron BA.2,Imported,1,2021-11-08,6,Traveler weight (all regions),Changing sequencing,100%,200%,fig_3d,2,8.5,1
2021-11-21,EU_others,38,Omicron BA.2,Imported,1,2021-11-08,13,Traveler weight (all regions),Changing sequencing,100%,200%,fig_3d,2,8.5,1
2021-11-16,EU_others,380,Omicron BA.2,Imported,1,2021-11-08,8,Traveler weight (all regions),Changing sequencing,100%,200%,fig_3d,2,8.5,1
2021-11-18,EU_others,381,Omicron BA.2,Imported,1,2021-11-08,10,Traveler weight (all regions),Changing sequencing,100%,200%,fig_3d,2,8.5,1
2021-11-16,EU_others,382,Omicron BA.2,Imported,1,2021-11-08,8,Traveler weight (all regions),Changing sequencing,100%,200%,fig_3d,2,8.5,1
2021-11-16,EU_others,383,Omicron BA.2,Imported,1,2021-11-08,8,Traveler weight (all regions),Changing sequencing,100%,200%,fig_3d,2,8.5,1
2021-11-16,US,384,Omicron BA.2,Imported,1,2021-11-08,8,Traveler weight (all regions),Changing sequencing,100%,200%,fig_3d,2,8.5,1
2021-11-16,EU_others,385,Omicron BA.2,Imported,1,2021-11-08,8,Traveler weight (all regions),Changing sequencing,100%,200%,fig_3d,2,8.5,1
2021-11-14,EU_others,386,Omicron BA.2,Imported,1,2021-11-08,6,Traveler weight (all regions),Changing sequencing,100%,200%,fig_3d,2,8.5,1
2021-11-17,IN,387,Omicron BA.2,Imported,1,2021-11-08,9,Traveler weight (all regions),Changing sequencing,100%,200%,fig_3d,2,8.5,1
2021-11-17,EU_others,388,Omicron BA.2,Imported,1,2021-11-08,9,Traveler weight (all regions),Changing sequencing,100%,200%,fig_3d,2,8.5,1
2021-11-11,EU_others,389,Omicron BA.2,Imported,1,2021-11-08,3,Traveler weight (all regions),Changing sequencing,100%,200%,fig_3d,2,8.5,1
2021-11-16,IN,39,Omicron BA.2,Imported,1,2021-11-08,8,Traveler weight (all regions),Changing sequencing,100%,200%,fig_3d,2,8.5,1
2021-11-16,EU_others,390,Omicron BA.2,Imported,1,2021-11-08,8,Traveler weight (all regions),Changing sequencing,100%,200%,fig_3d,2,8.5,1
2021-11-25,EU_others,391,Omicron BA.2,Imported,1,2021-11-08,17,Traveler weight (all regions),Changing sequencing,100%,200%,fig_3d,2,8.5,1
2021-11-11,US,392,Omicron BA.2,Imported,1,2021-11-08,3,Traveler weight (all regions),Changing sequencing,100%,200%,fig_3d,2,8.5,1
2021-11-22,EU_others,393,Omicron BA.2,Imported,1,2021-11-08,14,Traveler weight (all regions),Changing sequencing,100%,200%,fig_3d,2,8.5,1
2021-11-26,EU_others,394,Omicron BA.2,Imported,2,2021-11-08,18,Traveler weight (all regions),Changing sequencing,100%,200%,fig_3d,2,8.5,1
2021-11-17,EU_others,395,Omicron BA.2,Imported,1,2021-11-08,9,Traveler weight (all regions),Changing sequencing,100%,200%,fig_3d,2,8.5,1
2021-11-20,EU_others,396,Omicron BA.2,Imported,1,2021-11-08,12,Traveler weight (all regions),Changing sequencing,100%,200%,fig_3d,2,8.5,1
2021-11-21,EU_others,397,Omicron BA.2,Imported,1,2021-11-08,13,Traveler weight (all regions),Changing sequencing,100%,200%,fig_3d,2,8.5,1
2021-11-16,EU_others,398,Omicron BA.2,Imported,1,2021-11-08,8,Traveler weight (all regions),Changing sequencing,100%,200%,fig_3d,2,8.5,1
2021-11-20,EU_others,399,Omicron BA.2,Imported,1,2021-11-08,12,Traveler weight (all regions),Changing sequencing,100%,200%,fig_3d,2,8.5,1
2021-11-16,EU_others,4,Omicron BA.2,Imported,1,2021-11-08,8,Traveler weight (all regions),Changing sequencing,100%,200%,fig_3d,2,8.5,1
2021-11-21,EU_others,40,Omicron BA.2,Imported,1,2021-11-08,13,Traveler weight (all regions),Changing sequencing,100%,200%,fig_3d,2,8.5,1
2021-11-16,EU_others,400,Omicron BA.2,Imported,1,2021-11-08,8,Traveler weight (all regions),Changing sequencing,100%,200%,fig_3d,2,8.5,1
2021-11-15,EU_others,401,Omicron BA.2,Imported,1,2021-11-08,7,Traveler weight (all regions),Changing sequencing,100%,200%,fig_3d,2,8.5,1
2021-11-17,EU_others,402,Omicron BA.2,Imported,1,2021-11-08,9,Traveler weight (all regions),Changing sequencing,100%,200%,fig_3d,2,8.5,1
2021-11-21,EU_others,403,Omicron BA.2,Imported,1,2021-11-08,13,Traveler weight (all regions),Changing sequencing,100%,200%,fig_3d,2,8.5,1
2021-11-16,EU_others,404,Omicron BA.2,Imported,1,2021-11-08,8,Traveler weight (all regions),Changing sequencing,100%,200%,fig_3d,2,8.5,1
2021-11-16,EU_others,405,Omicron BA.2,Imported,1,2021-11-08,8,Traveler weight (all regions),Changing sequencing,100%,200%,fig_3d,2,8.5,1
2021-11-18,EU_others,406,Omicron BA.2,Imported,1,2021-11-08,10,Traveler weight (all regions),Changing sequencing,100%,200%,fig_3d,2,8.5,1
2021-11-16,AS_others,407,Omicron BA.2,Imported,1,2021-11-08,8,Traveler weight (all regions),Changing sequencing,100%,200%,fig_3d,2,8.5,1
2021-11-12,EU_others,408,Omicron BA.2,Imported,1,2021-11-08,4,Traveler weight (all regions),Changing sequencing,100%,200%,fig_3d,2,8.5,1
2021-11-22,EU_others,409,Omicron BA.2,Imported,1,2021-11-08,14,Traveler weight (all regions),Changing sequencing,100%,200%,fig_3d,2,8.5,1
2021-11-22,EU_others,41,Omicron BA.2,Imported,1,2021-11-08,14,Traveler weight (all regions),Changing sequencing,100%,200%,fig_3d,2,8.5,1
2021-11-21,EU_others,410,Omicron BA.2,Imported,1,2021-11-08,13,Traveler weight (all regions),Changing sequencing,100%,200%,fig_3d,2,8.5,1
2021-11-16,EU_others,411,Omicron BA.2,Imported,1,2021-11-08,8,Traveler weight (all regions),Changing sequencing,100%,200%,fig_3d,2,8.5,1
2021-11-21,EU_others,412,Omicron BA.2,Imported,1,2021-11-08,13,Traveler weight (all regions),Changing sequencing,100%,200%,fig_3d,2,8.5,1
2021-11-16,EU_others,413,Omicron BA.2,Imported,2,2021-11-08,8,Traveler weight (all regions),Changing sequencing,100%,200%,fig_3d,2,8.5,1
2021-11-18,EU_others,414,Omicron BA.2,Imported,1,2021-11-08,10,Traveler weight (all regions),Changing sequencing,100%,200%,fig_3d,2,8.5,1
2021-11-17,EU_others,415,Omicron BA.2,Imported,1,2021-11-08,9,Traveler weight (all regions),Changing sequencing,100%,200%,fig_3d,2,8.5,1
2021-11-16,EU_others,416,Omicron BA.2,Imported,1,2021-11-08,8,Traveler weight (all regions),Changing sequencing,100%,200%,fig_3d,2,8.5,1
2021-11-16,EU_others,417,Omicron BA.2,Imported,1,2021-11-08,8,Traveler weight (all regions),Changing sequencing,100%,200%,fig_3d,2,8.5,1
2021-11-16,EU_others,418,Omicron BA.2,Imported,1,2021-11-08,8,Traveler weight (all regions),Changing sequencing,100%,200%,fig_3d,2,8.5,1
2021-11-16,EU_others,419,Omicron BA.2,Imported,1,2021-11-08,8,Traveler weight (all regions),Changing sequencing,100%,200%,fig_3d,2,8.5,1
2021-11-20,EU_others,42,Omicron BA.2,Imported,1,2021-11-08,12,Traveler weight (all regions),Changing sequencing,100%,200%,fig_3d,2,8.5,1
2021-11-21,EU_others,420,Omicron BA.2,Imported,1,2021-11-08,13,Traveler weight (all regions),Changing sequencing,100%,200%,fig_3d,2,8.5,1
2021-11-14,EU_others,421,Omicron BA.2,Imported,1,2021-11-08,6,Traveler weight (all regions),Changing sequencing,100%,200%,fig_3d,2,8.5,1
2021-11-15,EU_others,422,Omicron BA.2,Imported,1,2021-11-08,7,Traveler weight (all regions),Changing sequencing,100%,200%,fig_3d,2,8.5,1
2021-11-17,EU_others,423,Omicron BA.2,Imported,1,2021-11-08,9,Traveler weight (all regions),Changing sequencing,100%,200%,fig_3d,2,8.5,1
2021-11-15,EU_others,424,Omicron BA.2,Imported,1,2021-11-08,7,Traveler weight (all regions),Changing sequencing,100%,200%,fig_3d,2,8.5,1
2021-11-22,EU_others,425,Omicron BA.2,Imported,2,2021-11-08,14,Traveler weight (all regions),Changing sequencing,100%,200%,fig_3d,2,8.5,1
2021-11-20,EU_others,426,Omicron BA.2,Imported,1,2021-11-08,12,Traveler weight (all regions),Changing sequencing,100%,200%,fig_3d,2,8.5,1
2021-11-22,IN,427,Omicron BA.2,Imported,1,2021-11-08,14,Traveler weight (all regions),Changing sequencing,100%,200%,fig_3d,2,8.5,1
2021-11-17,EU_others,428,Omicron BA.2,Imported,1,2021-11-08,9,Traveler weight (all regions),Changing sequencing,100%,200%,fig_3d,2,8.5,1
2021-11-14,EU_others,429,Omicron BA.2,Imported,1,2021-11-08,6,Traveler weight (all regions),Changing sequencing,100%,200%,fig_3d,2,8.5,1
2021-11-17,EU_others,43,Omicron BA.2,Imported,1,2021-11-08,9,Traveler weight (all regions),Changing sequencing,100%,200%,fig_3d,2,8.5,1
2021-11-21,EU_others,430,Omicron BA.2,Imported,1,2021-11-08,13,Traveler weight (all regions),Changing sequencing,100%,200%,fig_3d,2,8.5,1
2021-11-16,IN,431,Omicron BA.2,Imported,1,2021-11-08,8,Traveler weight (all regions),Changing sequencing,100%,200%,fig_3d,2,8.5,1
2021-11-16,EU_others,432,Omicron BA.2,Imported,2,2021-11-08,8,Traveler weight (all regions),Changing sequencing,100%,200%,fig_3d,2,8.5,1
2021-11-16,EU_others,433,Omicron BA.2,Imported,1,2021-11-08,8,Traveler weight (all regions),Changing sequencing,100%,200%,fig_3d,2,8.5,1
2021-11-17,EU_others,434,Omicron BA.2,Imported,1,2021-11-08,9,Traveler weight (all regions),Changing sequencing,100%,200%,fig_3d,2,8.5,1
2021-11-14,AS_others,435,Omicron BA.2,Imported,1,2021-11-08,6,Traveler weight (all regions),Changing sequencing,100%,200%,fig_3d,2,8.5,1
2021-11-17,EU_others,436,Omicron BA.2,Imported,1,2021-11-08,9,Traveler weight (all regions),Changing sequencing,100%,200%,fig_3d,2,8.5,1
2021-11-25,IN,437,Omicron BA.2,Imported,1,2021-11-08,17,Traveler weight (all regions),Changing sequencing,100%,200%,fig_3d,2,8.5,1
2021-11-16,EU_others,438,Omicron BA.2,Imported,1,2021-11-08,8,Traveler weight (all regions),Changing sequencing,100%,200%,fig_3d,2,8.5,1
2021-11-14,EU_others,439,Omicron BA.2,Imported,1,2021-11-08,6,Traveler weight (all regions),Changing sequencing,100%,200%,fig_3d,2,8.5,1
2021-11-22,EU_others,44,Omicron BA.2,Imported,1,2021-11-08,14,Traveler weight (all regions),Changing sequencing,100%,200%,fig_3d,2,8.5,1
2021-11-20,EU_others,440,Omicron BA.2,Imported,1,2021-11-08,12,Traveler weight (all regions),Changing sequencing,100%,200%,fig_3d,2,8.5,1
2021-11-22,EU_others,441,Omicron BA.2,Imported,1,2021-11-08,14,Traveler weight (all regions),Changing sequencing,100%,200%,fig_3d,2,8.5,1
2021-11-17,EU_others,442,Omicron BA.2,Imported,1,2021-11-08,9,Traveler weight (all regions),Changing sequencing,100%,200%,fig_3d,2,8.5,1
2021-11-22,AS_others,443,Omicron BA.2,Imported,2.309361189232624,2021-11-08,14,Traveler weight (all regions),Changing sequencing,100%,200%,fig_3d,2,8.5,1
2021-11-17,EU_others,444,Omicron BA.2,Imported,1,2021-11-08,9,Traveler weight (all regions),Changing sequencing,100%,200%,fig_3d,2,8.5,1
2021-11-22,EU_others,445,Omicron BA.2,Imported,1,2021-11-08,14,Traveler weight (all regions),Changing sequencing,100%,200%,fig_3d,2,8.5,1
2021-11-18,EU_others,446,Omicron BA.2,Imported,1,2021-11-08,10,Traveler weight (all regions),Changing sequencing,100%,200%,fig_3d,2,8.5,1
2021-11-15,EU_others,447,Omicron BA.2,Imported,1,2021-11-08,7,Traveler weight (all regions),Changing sequencing,100%,200%,fig_3d,2,8.5,1
2021-11-27,EU_others,448,Omicron BA.2,Imported,1,2021-11-08,19,Traveler weight (all regions),Changing sequencing,100%,200%,fig_3d,2,8.5,1
2021-11-17,AS_others,449,Omicron BA.2,Imported,1,2021-11-08,9,Traveler weight (all regions),Changing sequencing,100%,200%,fig_3d,2,8.5,1
2021-11-18,EU_others,45,Omicron BA.2,Imported,1,2021-11-08,10,Traveler weight (all regions),Changing sequencing,100%,200%,fig_3d,2,8.5,1
2021-11-20,EU_others,450,Omicron BA.2,Imported,2,2021-11-08,12,Traveler weight (all regions),Changing sequencing,100%,200%,fig_3d,2,8.5,1
2021-11-20,EU_others,451,Omicron BA.2,Imported,1,2021-11-08,12,Traveler weight (all regions),Changing sequencing,100%,200%,fig_3d,2,8.5,1
2021-11-16,EU_others,452,Omicron BA.2,Imported,1,2021-11-08,8,Traveler weight (all regions),Changing sequencing,100%,200%,fig_3d,2,8.5,1
2021-11-22,EU_others,453,Omicron BA.2,Imported,1,2021-11-08,14,Traveler weight (all regions),Changing sequencing,100%,200%,fig_3d,2,8.5,1
2021-11-16,EU_others,454,Omicron BA.2,Imported,1,2021-11-08,8,Traveler weight (all regions),Changing sequencing,100%,200%,fig_3d,2,8.5,1
2021-11-17,EU_others,455,Omicron BA.2,Imported,1,2021-11-08,9,Traveler weight (all regions),Changing sequencing,100%,200%,fig_3d,2,8.5,1
2021-11-27,EU_others,456,Omicron BA.2,Imported,1,2021-11-08,19,Traveler weight (all regions),Changing sequencing,100%,200%,fig_3d,2,8.5,1
2021-11-14,EU_others,457,Omicron BA.2,Imported,1,2021-11-08,6,Traveler weight (all regions),Changing sequencing,100%,200%,fig_3d,2,8.5,1
2021-11-21,EU_others,458,Omicron BA.2,Imported,1,2021-11-08,13,Traveler weight (all regions),Changing sequencing,100%,200%,fig_3d,2,8.5,1
2021-11-17,EU_others,459,Omicron BA.2,Imported,2,2021-11-08,9,Traveler weight (all regions),Changing sequencing,100%,200%,fig_3d,2,8.5,1
2021-11-21,EU_others,46,Omicron BA.2,Imported,2,2021-11-08,13,Traveler weight (all regions),Changing sequencing,100%,200%,fig_3d,2,8.5,1
2021-11-20,EU_others,460,Omicron BA.2,Imported,1,2021-11-08,12,Traveler weight (all regions),Changing sequencing,100%,200%,fig_3d,2,8.5,1
2021-11-14,EU_others,461,Omicron BA.2,Imported,1,2021-11-08,6,Traveler weight (all regions),Changing sequencing,100%,200%,fig_3d,2,8.5,1
2021-11-22,EU_others,462,Omicron BA.2,Imported,2,2021-11-08,14,Traveler weight (all regions),Changing sequencing,100%,200%,fig_3d,2,8.5,1
2021-11-22,EU_others,463,Omicron BA.2,Imported,1,2021-11-08,14,Traveler weight (all regions),Changing sequencing,100%,200%,fig_3d,2,8.5,1
2021-11-21,EU_others,464,Omicron BA.2,Imported,1,2021-11-08,13,Traveler weight (all regions),Changing sequencing,100%,200%,fig_3d,2,8.5,1
2021-11-11,EU_others,465,Omicron BA.2,Imported,1,2021-11-08,3,Traveler weight (all regions),Changing sequencing,100%,200%,fig_3d,2,8.5,1
2021-11-12,EU_others,466,Omicron BA.2,Imported,1,2021-11-08,4,Traveler weight (all regions),Changing sequencing,100%,200%,fig_3d,2,8.5,1
2021-11-22,EU_others,467,Omicron BA.2,Imported,1,2021-11-08,14,Traveler weight (all regions),Changing sequencing,100%,200%,fig_3d,2,8.5,1
2021-11-22,EU_others,468,Omicron BA.2,Imported,1,2021-11-08,14,Traveler weight (all regions),Changing sequencing,100%,200%,fig_3d,2,8.5,1
2021-11-15,IN,469,Omicron BA.2,Imported,1,2021-11-08,7,Traveler weight (all regions),Changing sequencing,100%,200%,fig_3d,2,8.5,1
2021-11-16,EU_others,47,Omicron BA.2,Imported,1,2021-11-08,8,Traveler weight (all regions),Changing sequencing,100%,200%,fig_3d,2,8.5,1
2021-11-22,EU_others,470,Omicron BA.2,Imported,1,2021-11-08,14,Traveler weight (all regions),Changing sequencing,100%,200%,fig_3d,2,8.5,1
2021-11-20,EU_others,471,Omicron BA.2,Imported,1,2021-11-08,12,Traveler weight (all regions),Changing sequencing,100%,200%,fig_3d,2,8.5,1
2021-11-15,EU_others,472,Omicron BA.2,Imported,1,2021-11-08,7,Traveler weight (all regions),Changing sequencing,100%,200%,fig_3d,2,8.5,1
2021-11-15,US,473,Omicron BA.2,Imported,1,2021-11-08,7,Traveler weight (all regions),Changing sequencing,100%,200%,fig_3d,2,8.5,1
2021-11-11,EU_others,474,Omicron BA.2,Imported,1,2021-11-08,3,Traveler weight (all regions),Changing sequencing,100%,200%,fig_3d,2,8.5,1
2021-11-16,AS_others,475,Omicron BA.2,Imported,1.7224027715622439,2021-11-08,8,Traveler weight (all regions),Changing sequencing,100%,200%,fig_3d,2,8.5,1
2021-11-18,US,476,Omicron BA.2,Imported,1,2021-11-08,10,Traveler weight (all regions),Changing sequencing,100%,200%,fig_3d,2,8.5,1
2021-11-16,EU_others,477,Omicron BA.2,Imported,1,2021-11-08,8,Traveler weight (all regions),Changing sequencing,100%,200%,fig_3d,2,8.5,1
2021-11-17,IN,478,Omicron BA.2,Imported,1,2021-11-08,9,Traveler weight (all regions),Changing sequencing,100%,200%,fig_3d,2,8.5,1
2021-11-14,EU_others,479,Omicron BA.2,Imported,1,2021-11-08,6,Traveler weight (all regions),Changing sequencing,100%,200%,fig_3d,2,8.5,1
2021-11-17,IN,48,Omicron BA.2,Imported,1,2021-11-08,9,Traveler weight (all regions),Changing sequencing,100%,200%,fig_3d,2,8.5,1
2021-11-20,EU_others,480,Omicron BA.2,Imported,2,2021-11-08,12,Traveler weight (all regions),Changing sequencing,100%,200%,fig_3d,2,8.5,1
2021-11-21,EU_others,481,Omicron BA.2,Imported,1,2021-11-08,13,Traveler weight (all regions),Changing sequencing,100%,200%,fig_3d,2,8.5,1
2021-11-20,EU_others,482,Omicron BA.2,Imported,1,2021-11-08,12,Traveler weight (all regions),Changing sequencing,100%,200%,fig_3d,2,8.5,1
2021-11-15,EU_others,483,Omicron BA.2,Imported,1,2021-11-08,7,Traveler weight (all regions),Changing sequencing,100%,200%,fig_3d,2,8.5,1
2021-11-14,EU_others,484,Omicron BA.2,Imported,1,2021-11-08,6,Traveler weight (all regions),Changing sequencing,100%,200%,fig_3d,2,8.5,1
2021-11-16,EU_others,485,Omicron BA.2,Imported,1,2021-11-08,8,Traveler weight (all regions),Changing sequencing,100%,200%,fig_3d,2,8.5,1
2021-11-16,SA_others,486,Omicron BA.2,Imported,1,2021-11-08,8,Traveler weight (all regions),Changing sequencing,100%,200%,fig_3d,2,8.5,1
2021-11-18,EU_others,487,Omicron BA.2,Imported,2,2021-11-08,10,Traveler weight (all regions),Changing sequencing,100%,200%,fig_3d,2,8.5,1
2021-11-16,EU_others,488,Omicron BA.2,Imported,1,2021-11-08,8,Traveler weight (all regions),Changing sequencing,100%,200%,fig_3d,2,8.5,1
2021-11-18,EU_others,489,Omicron BA.2,Imported,1,2021-11-08,10,Traveler weight (all regions),Changing sequencing,100%,200%,fig_3d,2,8.5,1
2021-11-17,GB,49,Omicron BA.2,Imported,1.8285204204514214,2021-11-08,9,Traveler weight (all regions),Changing sequencing,100%,200%,fig_3d,2,8.5,1
2021-11-14,EU_others,490,Omicron BA.2,Imported,1,2021-11-08,6,Traveler weight (all regions),Changing sequencing,100%,200%,fig_3d,2,8.5,1
2021-11-16,US,491,Omicron BA.2,Imported,1,2021-11-08,8,Traveler weight (all regions),Changing sequencing,100%,200%,fig_3d,2,8.5,1
2021-11-18,EU_others,492,Omicron BA.2,Imported,1,2021-11-08,10,Traveler weight (all regions),Changing sequencing,100%,200%,fig_3d,2,8.5,1
2021-11-18,EU_others,493,Omicron BA.2,Imported,2,2021-11-08,10,Traveler weight (all regions),Changing sequencing,100%,200%,fig_3d,2,8.5,1
2021-11-14,EU_others,494,Omicron BA.2,Imported,1,2021-11-08,6,Traveler weight (all regions),Changing sequencing,100%,200%,fig_3d,2,8.5,1
2021-11-15,EU_others,495,Omicron BA.2,Imported,1,2021-11-08,7,Traveler weight (all regions),Changing sequencing,100%,200%,fig_3d,2,8.5,1
2021-11-18,EU_others,496,Omicron BA.2,Imported,1,2021-11-08,10,Traveler weight (all regions),Changing sequencing,100%,200%,fig_3d,2,8.5,1
2021-11-15,EU_others,497,Omicron BA.2,Imported,1,2021-11-08,7,Traveler weight (all regions),Changing sequencing,100%,200%,fig_3d,2,8.5,1
2021-11-15,EU_others,498,Omicron BA.2,Imported,2,2021-11-08,7,Traveler weight (all regions),Changing sequencing,100%,200%,fig_3d,2,8.5,1
2021-11-12,EU_others,499,Omicron BA.2,Imported,1,2021-11-08,4,Traveler weight (all regions),Changing sequencing,100%,200%,fig_3d,2,8.5,1
2021-11-12,EU_others,5,Omicron BA.2,Imported,1,2021-11-08,4,Traveler weight (all regions),Changing sequencing,100%,200%,fig_3d,2,8.5,1
2021-11-21,EU_others,50,Omicron BA.2,Imported,4,2021-11-08,13,Traveler weight (all regions),Changing sequencing,100%,200%,fig_3d,2,8.5,1
2021-11-20,EU_others,500,Omicron BA.2,Imported,1,2021-11-08,12,Traveler weight (all regions),Changing sequencing,100%,200%,fig_3d,2,8.5,1
2021-11-18,EU_others,501,Omicron BA.2,Imported,1,2021-11-08,10,Traveler weight (all regions),Changing sequencing,100%,200%,fig_3d,2,8.5,1
2021-11-14,EU_others,502,Omicron BA.2,Imported,1,2021-11-08,6,Traveler weight (all regions),Changing sequencing,100%,200%,fig_3d,2,8.5,1
2021-11-16,EU_others,503,Omicron BA.2,Imported,1,2021-11-08,8,Traveler weight (all regions),Changing sequencing,100%,200%,fig_3d,2,8.5,1
2021-11-20,EU_others,504,Omicron BA.2,Imported,2,2021-11-08,12,Traveler weight (all regions),Changing sequencing,100%,200%,fig_3d,2,8.5,1
2021-11-16,EU_others,505,Omicron BA.2,Imported,1,2021-11-08,8,Traveler weight (all regions),Changing sequencing,100%,200%,fig_3d,2,8.5,1
2021-11-20,EU_others,506,Omicron BA.2,Imported,1,2021-11-08,12,Traveler weight (all regions),Changing sequencing,100%,200%,fig_3d,2,8.5,1
2021-11-27,AS_others,507,Omicron BA.2,Imported,1.1313847062297018,2021-11-08,19,Traveler weight (all regions),Changing sequencing,100%,200%,fig_3d,2,8.5,1
2021-11-18,EU_others,508,Omicron BA.2,Imported,1,2021-11-08,10,Traveler weight (all regions),Changing sequencing,100%,200%,fig_3d,2,8.5,1
2021-11-22,EU_others,509,Omicron BA.2,Imported,1,2021-11-08,14,Traveler weight (all regions),Changing sequencing,100%,200%,fig_3d,2,8.5,1
2021-11-16,EU_others,51,Omicron BA.2,Imported,3,2021-11-08,8,Traveler weight (all regions),Changing sequencing,100%,200%,fig_3d,2,8.5,1
2021-11-16,EU_others,510,Omicron BA.2,Imported,1,2021-11-08,8,Traveler weight (all regions),Changing sequencing,100%,200%,fig_3d,2,8.5,1
2021-11-16,EU_others,511,Omicron BA.2,Imported,1,2021-11-08,8,Traveler weight (all regions),Changing sequencing,100%,200%,fig_3d,2,8.5,1
2021-11-21,US,512,Omicron BA.2,Imported,1,2021-11-08,13,Traveler weight (all regions),Changing sequencing,100%,200%,fig_3d,2,8.5,1
2021-11-20,EU_others,52,Omicron BA.2,Imported,1,2021-11-08,12,Traveler weight (all regions),Changing sequencing,100%,200%,fig_3d,2,8.5,1
2021-11-16,EU_others,53,Omicron BA.2,Imported,1,2021-11-08,8,Traveler weight (all regions),Changing sequencing,100%,200%,fig_3d,2,8.5,1
2021-11-16,IN,54,Omicron BA.2,Imported,1,2021-11-08,8,Traveler weight (all regions),Changing sequencing,100%,200%,fig_3d,2,8.5,1
2021-11-20,EU_others,55,Omicron BA.2,Imported,1,2021-11-08,12,Traveler weight (all regions),Changing sequencing,100%,200%,fig_3d,2,8.5,1
2021-11-16,EU_others,56,Omicron BA.2,Imported,1,2021-11-08,8,Traveler weight (all regions),Changing sequencing,100%,200%,fig_3d,2,8.5,1
2021-11-22,EU_others,57,Omicron BA.2,Imported,1,2021-11-08,14,Traveler weight (all regions),Changing sequencing,100%,200%,fig_3d,2,8.5,1
2021-11-20,EU_others,58,Omicron BA.2,Imported,1,2021-11-08,12,Traveler weight (all regions),Changing sequencing,100%,200%,fig_3d,2,8.5,1
2021-11-17,EU_others,59,Omicron BA.2,Imported,1,2021-11-08,9,Traveler weight (all regions),Changing sequencing,100%,200%,fig_3d,2,8.5,1
2021-11-20,EU_others,6,Omicron BA.2,Imported,2,2021-11-08,12,Traveler weight (all regions),Changing sequencing,100%,200%,fig_3d,2,8.5,1
2021-11-16,EU_others,60,Omicron BA.2,Imported,1,2021-11-08,8,Traveler weight (all regions),Changing sequencing,100%,200%,fig_3d,2,8.5,1
2021-11-23,EU_others,61,Omicron BA.2,Imported,2,2021-11-08,15,Traveler weight (all regions),Changing sequencing,100%,200%,fig_3d,2,8.5,1
2021-11-14,EU_others,62,Omicron BA.2,Imported,1,2021-11-08,6,Traveler weight (all regions),Changing sequencing,100%,200%,fig_3d,2,8.5,1
2021-11-16,EU_others,63,Omicron BA.2,Imported,2,2021-11-08,8,Traveler weight (all regions),Changing sequencing,100%,200%,fig_3d,2,8.5,1
2021-11-20,EU_others,64,Omicron BA.2,Imported,1,2021-11-08,12,Traveler weight (all regions),Changing sequencing,100%,200%,fig_3d,2,8.5,1
2021-11-17,EU_others,65,Omicron BA.2,Imported,3,2021-11-08,9,Traveler weight (all regions),Changing sequencing,100%,200%,fig_3d,2,8.5,1
2021-11-16,EU_others,66,Omicron BA.2,Imported,1,2021-11-08,8,Traveler weight (all regions),Changing sequencing,100%,200%,fig_3d,2,8.5,1
2021-11-20,EU_others,67,Omicron BA.2,Imported,1,2021-11-08,12,Traveler weight (all regions),Changing sequencing,100%,200%,fig_3d,2,8.5,1
2021-11-16,EU_others,68,Omicron BA.2,Imported,1,2021-11-08,8,Traveler weight (all regions),Changing sequencing,100%,200%,fig_3d,2,8.5,1
2021-11-20,EU_others,69,Omicron BA.2,Imported,2,2021-11-08,12,Traveler weight (all regions),Changing sequencing,100%,200%,fig_3d,2,8.5,1
2021-11-18,EU_others,7,Omicron BA.2,Imported,1,2021-11-08,10,Traveler weight (all regions),Changing sequencing,100%,200%,fig_3d,2,8.5,1
2021-11-16,EU_others,70,Omicron BA.2,Imported,1,2021-11-08,8,Traveler weight (all regions),Changing sequencing,100%,200%,fig_3d,2,8.5,1
2021-11-17,EU_others,71,Omicron BA.2,Imported,2,2021-11-08,9,Traveler weight (all regions),Changing sequencing,100%,200%,fig_3d,2,8.5,1
2021-11-16,EU_others,72,Omicron BA.2,Imported,1,2021-11-08,8,Traveler weight (all regions),Changing sequencing,100%,200%,fig_3d,2,8.5,1
2021-11-15,EU_others,73,Omicron BA.2,Imported,1,2021-11-08,7,Traveler weight (all regions),Changing sequencing,100%,200%,fig_3d,2,8.5,1
2021-11-20,EU_others,74,Omicron BA.2,Imported,1,2021-11-08,12,Traveler weight (all regions),Changing sequencing,100%,200%,fig_3d,2,8.5,1
2021-11-15,EU_others,75,Omicron BA.2,Imported,1,2021-11-08,7,Traveler weight (all regions),Changing sequencing,100%,200%,fig_3d,2,8.5,1
2021-11-16,IN,76,Omicron BA.2,Imported,1,2021-11-08,8,Traveler weight (all regions),Changing sequencing,100%,200%,fig_3d,2,8.5,1
2021-11-23,EU_others,77,Omicron BA.2,Imported,2,2021-11-08,15,Traveler weight (all regions),Changing sequencing,100%,200%,fig_3d,2,8.5,1
2021-11-15,EU_others,78,Omicron BA.2,Imported,1,2021-11-08,7,Traveler weight (all regions),Changing sequencing,100%,200%,fig_3d,2,8.5,1
2021-11-20,EU_others,79,Omicron BA.2,Imported,1,2021-11-08,12,Traveler weight (all regions),Changing sequencing,100%,200%,fig_3d,2,8.5,1
2021-11-18,EU_others,8,Omicron BA.2,Imported,1,2021-11-08,10,Traveler weight (all regions),Changing sequencing,100%,200%,fig_3d,2,8.5,1
2021-11-14,EU_others,80,Omicron BA.2,Imported,1,2021-11-08,6,Traveler weight (all regions),Changing sequencing,100%,200%,fig_3d,2,8.5,1
2021-11-18,EU_others,81,Omicron BA.2,Imported,1,2021-11-08,10,Traveler weight (all regions),Changing sequencing,100%,200%,fig_3d,2,8.5,1
2021-11-17,EU_others,82,Omicron BA.2,Imported,1,2021-11-08,9,Traveler weight (all regions),Changing sequencing,100%,200%,fig_3d,2,8.5,1
2021-11-15,EU_others,83,Omicron BA.2,Imported,1,2021-11-08,7,Traveler weight (all regions),Changing sequencing,100%,200%,fig_3d,2,8.5,1
2021-11-14,GB,84,Omicron BA.2,Imported,1,2021-11-08,6,Traveler weight (all regions),Changing sequencing,100%,200%,fig_3d,2,8.5,1
2021-11-26,US,85,Omicron BA.2,Imported,1,2021-11-08,18,Traveler weight (all regions),Changing sequencing,100%,200%,fig_3d,2,8.5,1
2021-11-16,EU_others,86,Omicron BA.2,Imported,2,2021-11-08,8,Traveler weight (all regions),Changing sequencing,100%,200%,fig_3d,2,8.5,1
2021-11-16,EU_others,87,Omicron BA.2,Imported,1,2021-11-08,8,Traveler weight (all regions),Changing sequencing,100%,200%,fig_3d,2,8.5,1
2021-11-16,EU_others,88,Omicron BA.2,Imported,1,2021-11-08,8,Traveler weight (all regions),Changing sequencing,100%,200%,fig_3d,2,8.5,1
2021-11-20,IN,89,Omicron BA.2,Imported,1,2021-11-08,12,Traveler weight (all regions),Changing sequencing,100%,200%,fig_3d,2,8.5,1
2021-11-16,EU_others,9,Omicron BA.2,Imported,2,2021-11-08,8,Traveler weight (all regions),Changing sequencing,100%,200%,fig_3d,2,8.5,1
2021-11-20,EU_others,90,Omicron BA.2,Imported,1,2021-11-08,12,Traveler weight (all regions),Changing sequencing,100%,200%,fig_3d,2,8.5,1
2021-11-22,EU_others,91,Omicron BA.2,Imported,1,2021-11-08,14,Traveler weight (all regions),Changing sequencing,100%,200%,fig_3d,2,8.5,1
2021-11-20,EU_others,92,Omicron BA.2,Imported,1,2021-11-08,12,Traveler weight (all regions),Changing sequencing,100%,200%,fig_3d,2,8.5,1
2021-11-15,EU_others,93,Omicron BA.2,Imported,1,2021-11-08,7,Traveler weight (all regions),Changing sequencing,100%,200%,fig_3d,2,8.5,1
2021-11-12,EU_others,94,Omicron BA.2,Imported,1,2021-11-08,4,Traveler weight (all regions),Changing sequencing,100%,200%,fig_3d,2,8.5,1
2021-11-17,EU_others,95,Omicron BA.2,Imported,1,2021-11-08,9,Traveler weight (all regions),Changing sequencing,100%,200%,fig_3d,2,8.5,1
2021-11-17,EU_others,96,Omicron BA.2,Imported,1,2021-11-08,9,Traveler weight (all regions),Changing sequencing,100%,200%,fig_3d,2,8.5,1
2021-11-12,GB,97,Omicron BA.2,Imported,1,2021-11-08,4,Traveler weight (all regions),Changing sequencing,100%,200%,fig_3d,2,8.5,1
2021-11-16,EU_others,98,Omicron BA.2,Imported,1,2021-11-08,8,Traveler weight (all regions),Changing sequencing,100%,200%,fig_3d,2,8.5,1
2021-11-16,EU_others,99,Omicron BA.2,Imported,1,2021-11-08,8,Traveler weight (all regions),Changing sequencing,100%,200%,fig_3d,2,8.5,1
